participant_id,time_to_complete_s,nasa_tlx_score,sus_score,task_success_rate,perceived_safety_score
A_000,83.48490743557977,37.67103510329389,64.35453144015653,0.6860085006928651,3.6729756579399657
A_001,59.28028608767108,54.509858889388425,72.96311190322187,0.8928435334611583,3.57395776774573
A_002,91.50812152451623,55.07995357560471,54.66498769507706,0.8305327418910874,3.971616596483872
A_003,94.93016489504186,71.02862605336611,57.862502300699106,0.8052436220508387,5.0
A_004,42.88136660423095,63.6915574428041,97.42171823231128,0.6014002276745426,5.0
A_005,54.56076887647828,56.99619482809313,59.83835160598566,0.9595557795484517,3.9648425424718967
A_006,80.30112725701113,72.48624047707386,61.93535863699896,0.6366955431331689,5.0
A_007,72.30763333781552,35.35731723948009,94.20604881153446,0.8822482970985704,4.224903533889238
A_008,77.6975791649228,43.04347854150353,100.0,0.911502661673337,5.0
A_009,62.64520930367556,39.02793682032265,61.11276708292124,0.8028059333825982,4.134690945242556
A_010,93.82916354753091,46.54266275581925,69.94926147533167,0.7076522380212976,4.291740478232301
A_011,92.00025483772107,32.72639393421168,77.75711106034561,0.8582790164821305,4.455832130849984
A_012,79.18855255610188,60.89211325540166,93.01567408846151,0.8956866304283344,5.0
A_013,98.2903417254246,48.88888224061717,63.14457213728939,0.8175330729831929,4.795899902391352
A_014,86.41516816053682,31.40871187696279,71.30194369463679,0.8754178394052575,3.7049148290339757
A_015,62.53273566810171,37.78189286309442,82.55071333667918,0.8053221209726454,4.878298509193101
A_016,84.63751411348498,56.38919386430273,78.78242681913281,0.8894114596693538,3.9467172240409614
A_017,60.740113185078016,63.73377195052134,69.86228321646891,0.958006701645063,3.857174871969154
A_018,93.81210542353091,79.95423248368502,72.52794739032355,0.7734411388895277,4.836020951924478
A_019,77.10133360224745,92.79407452410261,58.8761461079302,0.907950152376663,4.221759911439807
A_020,74.6724774561853,57.80173206586395,71.38008881627869,0.8069358595094317,4.3950031401582645
A_021,65.74326820072906,38.1464663195539,71.0697376099015,0.8734721462638395,4.209789655305705
A_022,100.00574409613255,22.15135206976167,76.55386878588881,0.7558190442646405,4.435608188623805
A_023,75.21846932276156,55.7479604728137,67.89140059299082,0.5632672222760592,4.497476128205305
A_024,70.29009920106407,40.61882466565544,79.18692374799653,0.6932575213642324,2.8441231471062096
A_025,71.66159609121186,46.1849983574844,85.13987399601811,0.8037971188493231,4.6666008680266735
A_026,87.58156533996028,43.43064481316269,75.70972260435313,0.8710210716139425,3.51258640611879
A_027,84.57799315855341,50.0289275901706,77.86932049239124,0.6603055575912891,3.190390605108412
A_028,85.4291870087278,66.92372323102701,74.58470882335654,0.8673638858406861,4.159112129298922
A_029,85.7547780541419,54.198679944234826,74.00092832400556,0.7337308827311768,4.258786702320118
A_030,116.5496568156683,49.77911228145837,66.06286163102868,0.7958151561063007,3.7145456847994036
A_031,70.68452970507693,37.500847460438635,77.48143687840638,0.832470515449436,4.781722300367582
A_032,68.77963087671233,28.554438774139,72.92984741745161,0.8781804418946365,3.2604773835403655
A_033,63.3520908915382,45.19168927297337,97.02485139823654,0.7307417954004852,3.915139375859209
A_034,89.08762960635892,51.24704428854351,91.30690392722767,0.8415779181515971,3.7905881055468997
A_035,98.32150126897605,76.75101879011837,78.24431207812151,0.949962049937629,4.167388910762463
A_036,75.94894576221225,53.8238433006204,65.60637069335756,0.9307756617916528,4.3952049992530675
A_037,62.87718341467449,65.7583531543228,61.763473808182404,0.9405506007691061,3.494474935263519
A_038,63.15933811755769,45.00986162045187,87.10257248397751,0.6954057732680698,4.7069978742193594
A_039,89.71067018084462,35.410787270161656,76.89024147661853,0.7893981742093964,4.24410165783429
A_040,91.37857508166196,38.488365328746795,79.28157743730772,0.9369656741761024,2.875637622681663
A_041,87.77677682949351,41.846835096499454,54.809554143283876,0.7399141247916672,2.8289859917220785
A_042,66.0208252688035,81.7985762540923,84.20182329713998,0.860163613809623,4.191376494949482
A_043,82.17890381520095,40.500586490858595,78.998623720358,0.8534286121686083,4.045322877549553
A_044,80.1003445645331,63.73884885230883,61.785262471440745,0.7939378539634137,4.127605920497757
A_045,81.93639474112223,39.35901950678163,68.81322711805056,0.9021355788195486,4.180412280428848
A_046,93.68571800306742,65.04202218023941,76.90088924792171,0.8602268213753672,4.357891887657127
A_047,82.02471987794428,57.38931352548208,74.57713478191867,0.7494562424729467,4.86335472689381
A_048,90.2204441352941,49.80706943278673,70.7861169561609,0.8085702887681786,3.4222265693577096
A_049,79.21642325080005,51.42932463410392,72.86162905127443,0.8950631155953566,3.379619884969444
A_050,83.20414917641972,42.83297226398854,71.22824883972426,0.8124641558423069,3.4346732994788325
A_051,89.36318806509372,58.24501082074913,75.67818763312715,0.811695529542191,4.402241667018095
A_052,51.771195242598004,45.63023127522908,90.18641170292473,0.8766422596413976,5.0
A_053,72.24591810556858,34.84151930725852,45.766757149755726,0.9578162013913593,3.898062393232343
A_054,69.53329222272968,34.108873959525326,71.39464709039348,0.8139175021507349,2.4488101090882424
A_055,66.50019873161985,54.41623084810967,75.94163663509691,0.8980553117023666,3.0072049961727374
A_056,73.0474394779197,74.10727758974609,77.2559338865581,0.7130374882108517,3.616874294042792
A_057,104.90894360221913,54.23988259002814,69.90893960546582,0.7090521972301169,3.8095897787533497
A_058,62.415039917521625,50.33906343446164,54.67606039273559,0.47307757479421475,3.9141279609216917
A_059,95.42901038264665,56.0015659544356,77.60795032085521,0.9291560540904583,4.227006786086642
A_060,47.70834411091552,70.28402438389554,93.00085235580603,0.7595677146833064,3.9817775684242873
A_061,71.97206946025605,55.071355019093986,57.12752454592248,0.7012455881316412,4.934537727380385
A_062,80.9295551718901,46.24701876832768,83.50210815068007,0.6786179334274759,3.726787886023042
A_063,88.55200196446701,67.48804194083844,70.38622254564817,0.8554139449117404,3.59637742836712
A_064,90.80207843627139,58.00259013846259,73.32543219588268,0.8405853708060667,4.535212876964323
A_065,92.28025023359865,73.50058388794389,62.41811638225656,0.9081443729907385,3.125050551051717
A_066,71.72294869952812,54.565282121106684,70.32098210408536,0.7615413299731851,4.472784193724002
A_067,69.67766773203779,34.857433555913,88.30049054168855,0.88377390780524,4.271787228608387
A_068,93.44356586262877,32.84577121056069,80.40920766186478,0.520275014523014,4.096790257057283
A_069,74.55652215213094,75.11299105123749,93.05542765950938,0.8357153376097994,5.0
A_070,55.0376461799174,76.13132009096616,86.95153077875463,0.7385248837777282,3.7644547882936976
A_071,57.600830147937344,49.48673101404359,78.82995346822534,0.41465484976926476,5.0
A_072,61.449858851971,46.63537750409617,93.18327978784572,0.7229975202675872,4.042197985540331
A_073,86.94889339296775,72.46022009139082,78.82892474612129,0.7116149474843523,3.3060884885208406
A_074,80.56366324927018,36.501360451391164,83.10786994476764,0.7415906618280957,4.2489437066963776
A_075,90.42873637321983,39.47382173461843,70.73771951111821,0.9236702725552801,3.4466283597768625
A_076,70.30945236594238,61.00657512564662,74.73200397445126,0.9748520000035831,3.67377090653055
A_077,80.85371443938085,46.475528279965744,66.32833794369695,0.7764178350961305,4.477923310010844
A_078,89.26062709141206,51.928293865919,84.88542328054338,0.7878690931677195,4.588907462055087
A_079,72.4317622850357,49.711799420656824,61.03866014573648,0.9174437480579662,3.7644826098220197
A_080,86.2219542760334,56.72604368318507,82.60585376659428,0.5927454848168175,4.8911836015324806
A_081,66.08533306080028,71.70474605839203,71.90283836744325,0.7481632908609742,5.0
A_082,71.46503076182871,53.268188696624435,86.88371802814052,0.9092834649812119,5.0
A_083,71.12871790803008,61.01514310587601,82.25955887604385,0.8981802665489197,4.570589384988006
A_084,56.47488637939729,23.297590585565686,94.02710773411482,0.7267143464139137,5.0
A_085,86.76550465414047,51.31794237297835,82.0385216025251,0.9811791915261409,2.88344110041816
A_086,69.55075787635097,40.19477621589981,56.70755718781435,0.6030235805795044,3.977465415960076
A_087,78.22489413709837,34.93661715406921,73.2635150981198,0.6009432389756627,3.593096320573602
A_088,86.65343986030636,39.70586686299749,61.10792088145703,0.7948543840254773,4.283458102789175
A_089,86.03756116853899,47.32227183018863,68.29892173397099,0.9208534971665112,3.7999855465622843
A_090,89.97693196151015,64.82263559298418,90.62351276604394,0.9525722071453391,4.083689510635187
A_091,76.22726127883037,33.43050195164611,81.01287191987466,0.8133600138470841,5.0
A_092,70.38063038320523,52.428840896321844,66.3117652856338,0.7989350026367179,4.0811961425057355
A_093,76.56507220368482,45.2216279333299,62.84910896915561,0.9353835503868612,4.48965462203315
A_094,47.62798018875546,47.412576678932545,74.36060302163887,0.7834806201278185,4.037411469053035
A_095,51.95197549638443,66.03860955426445,60.617838356807596,0.7457086182571631,4.252999301569783
A_096,54.19140697762076,59.533616118054965,66.61745694863761,0.546158987162289,4.20421167630525
A_097,60.04955710317333,70.72357350419841,77.43210418706369,0.7421193754544395,4.513826846181212
A_098,85.19593608102186,49.83692049050139,86.70843239717365,0.9180736117892629,5.0
A_099,61.70137700351891,42.256803436610156,80.69637619446884,0.919973497483583,5.0
A_100,71.19307402729099,48.86597656367301,48.795815405420896,0.9490470327003205,4.416734057336417
A_101,101.38610936014918,55.3949550777971,77.34803401933286,0.712930675725852,4.612682820224921
A_102,71.58724852089433,54.47202701835195,74.79236930555835,0.82187091860832,3.3943948435701032
A_103,91.27528023240755,36.81856698873287,78.55279313909962,0.9404515428790193,4.138486280309066
A_104,61.19488175982221,53.26685694279024,91.77830649816327,0.8701032326327053,4.858202625418512
A_105,74.30212395838267,55.195196621944675,51.304378955147826,0.9259209059436039,4.806178046892008
A_106,60.89960301160954,87.24463652547489,67.49786232289784,0.8302933634172626,4.348126812956536
A_107,71.89740463378988,78.27582455794338,80.4999695507269,0.8913778546817751,4.820475771697566
A_108,93.12554647423312,40.05459309217652,56.602461606006635,0.9258988647248805,4.543536696295673
A_109,46.90823238253772,47.97663293831153,90.2354395285886,0.7051136457096444,5.0
A_110,85.81962558382543,31.511811974281954,78.05192273970724,0.5282411632402233,4.402551409869978
A_111,82.27924084198101,43.73010180451119,83.31242384427745,0.9317458861521503,3.9510111791002758
A_112,67.3053007974577,56.418470050264766,67.71961972326027,0.6872047341312034,4.435088879853117
A_113,51.97095862100782,68.88195069243527,82.95140058962832,0.8501623426296673,2.1485839369030573
A_114,79.29833113884965,41.79282627158948,85.75318711587943,0.7794417093334607,4.468020015469535
A_115,68.46913123685155,42.84194983905085,76.56165822150885,0.8346498349048865,1.6461110223496518
A_116,82.18817180438467,21.93795358365883,76.57840981968566,0.8830032010256182,2.9935756148162076
A_117,78.39333861942197,49.722677112371294,76.97377563209898,0.9543451903449957,4.516238020658689
A_118,106.83202004377648,37.126198233966115,64.5032020878668,0.6724109944085125,4.534270536086757
A_119,73.69159870548556,44.587848016874965,72.37718451735611,0.9369237834943464,3.386299853902049
