,3d_display_comp_vehicle,ehmi_for_all_chi26,ehmi_optimization_chi25,fact_av,fourtu_critical_ehmi,longitudinal_usa_germany_ehmi,osf_cwd6h,road_bumps_touch,roads_chi25
3d_display_comp_vehicle,1.0,0.041666666666666664,0.14285714285714285,0.2,0.0,0.3333333333333333,0.0,0.0,0.05
ehmi_for_all_chi26,0.041666666666666664,1.0,0.03333333333333333,0.03571428571428571,0.0,0.038461538461538464,0.0,0.0,0.4666666666666667
ehmi_optimization_chi25,0.14285714285714285,0.03333333333333333,1.0,0.5,0.0,0.1111111111111111,0.0,0.0,0.038461538461538464
fact_av,0.2,0.03571428571428571,0.5,1.0,0.0,0.14285714285714285,0.0,0.0,0.041666666666666664
fourtu_critical_ehmi,0.0,0.0,0.0,0.0,,0.0,,,0.0
longitudinal_usa_germany_ehmi,0.3333333333333333,0.038461538461538464,0.1111111111111111,0.14285714285714285,0.0,1.0,0.0,0.0,0.045454545454545456
osf_cwd6h,0.0,0.0,0.0,0.0,,0.0,,,0.0
road_bumps_touch,0.0,0.0,0.0,0.0,,0.0,,,0.0
roads_chi25,0.05,0.4666666666666667,0.038461538461538464,0.041666666666666664,0.0,0.045454545454545456,0.0,0.0,1.0
