study,dv,detected_range,canonical_range,scale_type,warning
3d_display_comp_vehicle,tia_understanding_predictability,"[0.0, 20.0]","[1.0, 5.0]",ordinal,"Linear rescaling from [0.0, 20.0] to [1.0, 5.0] assumes equidistant category boundaries. Consider IRT linking or equipercentile equating for more accurate cross-scale comparison."
ehmi_optimization_chi25,AOA1,"[0.0, 20.0]","[-2.0, 2.0]",ordinal,"Linear rescaling from [0.0, 20.0] to [-2.0, 2.0] assumes equidistant category boundaries. Consider IRT linking or equipercentile equating for more accurate cross-scale comparison."
ehmi_optimization_chi25,AOA2,"[0.0, 20.0]","[-2.0, 2.0]",ordinal,"Linear rescaling from [0.0, 20.0] to [-2.0, 2.0] assumes equidistant category boundaries. Consider IRT linking or equipercentile equating for more accurate cross-scale comparison."
fact_av,sart_supply,"[0.0, 100.0]","[0.0, 20.0]",ordinal,"Linear rescaling from [0.0, 100.0] to [0.0, 20.0] assumes equidistant category boundaries. Consider IRT linking or equipercentile equating for more accurate cross-scale comparison."
fact_av,tia_intention_of_developers,"[0.0, 20.0]","[1.0, 5.0]",ordinal,"Linear rescaling from [0.0, 20.0] to [1.0, 5.0] assumes equidistant category boundaries. Consider IRT linking or equipercentile equating for more accurate cross-scale comparison."
fact_av,understanding_rating,"[0.0, 20.0]","[1.0, 5.0]",ordinal,"Linear rescaling from [0.0, 20.0] to [1.0, 5.0] assumes equidistant category boundaries. Consider IRT linking or equipercentile equating for more accurate cross-scale comparison."
longitudinal_usa_germany_ehmi,trust_rating,"[2.166666666666667, 2109374830.0]","[1.0, 5.0]",ordinal,"Linear rescaling from [2.166666666666667, 2109374830.0] to [1.0, 5.0] assumes equidistant category boundaries. Consider IRT linking or equipercentile equating for more accurate cross-scale comparison."
longitudinal_usa_germany_ehmi,ueq_hedonic,"[0.0, 20.0]","[-3.0, 3.0]",ordinal,"Linear rescaling from [0.0, 20.0] to [-3.0, 3.0] assumes equidistant category boundaries. Consider IRT linking or equipercentile equating for more accurate cross-scale comparison."
osf_cwd6h,engagement_level,"[0.0, 100.0]","[1.0, 5.0]",ordinal,"Linear rescaling from [0.0, 100.0] to [1.0, 5.0] assumes equidistant category boundaries. Consider IRT linking or equipercentile equating for more accurate cross-scale comparison."
osf_cwd6h,perceived_safety,"[0.0, 20.0]","[-3.0, 3.0]",ordinal,"Linear rescaling from [0.0, 20.0] to [-3.0, 3.0] assumes equidistant category boundaries. Consider IRT linking or equipercentile equating for more accurate cross-scale comparison."
osf_cwd6h,perceived_safety_item_01,"[0.0, 20.0]","[-3.0, 3.0]",ordinal,"Linear rescaling from [0.0, 20.0] to [-3.0, 3.0] assumes equidistant category boundaries. Consider IRT linking or equipercentile equating for more accurate cross-scale comparison."
osf_cwd6h,perceived_safety_item_02,"[0.0, 20.0]","[-3.0, 3.0]",ordinal,"Linear rescaling from [0.0, 20.0] to [-3.0, 3.0] assumes equidistant category boundaries. Consider IRT linking or equipercentile equating for more accurate cross-scale comparison."
road_bumps_touch,AOA1,"[0.0, 20.0]","[-2.0, 2.0]",ordinal,"Linear rescaling from [0.0, 20.0] to [-2.0, 2.0] assumes equidistant category boundaries. Consider IRT linking or equipercentile equating for more accurate cross-scale comparison."
road_bumps_touch,godspeed_perceived_intelligence,"[0.0, 20.0]","[1.0, 5.0]",ordinal,"Linear rescaling from [0.0, 20.0] to [1.0, 5.0] assumes equidistant category boundaries. Consider IRT linking or equipercentile equating for more accurate cross-scale comparison."
road_bumps_touch,tam_perceived_ease_of_use,"[0.0, 20.0]","[1.0, 7.0]",ordinal,"Linear rescaling from [0.0, 20.0] to [1.0, 7.0] assumes equidistant category boundaries. Consider IRT linking or equipercentile equating for more accurate cross-scale comparison."
road_bumps_touch,tia_trust_in_automation,"[-569.5, 2814.0]","[1.0, 5.0]",ordinal,"Linear rescaling from [-569.5, 2814.0] to [1.0, 5.0] assumes equidistant category boundaries. Consider IRT linking or equipercentile equating for more accurate cross-scale comparison."
road_bumps_touch,ueq_stimulation,"[-300.0, 77.5]","[-3.0, 3.0]",ordinal,"Linear rescaling from [-300.0, 77.5] to [-3.0, 3.0] assumes equidistant category boundaries. Consider IRT linking or equipercentile equating for more accurate cross-scale comparison."
running_into_traffic_chi26,perceived_safety,"[0.0, 20.0]","[-3.0, 3.0]",ordinal,"Linear rescaling from [0.0, 20.0] to [-3.0, 3.0] assumes equidistant category boundaries. Consider IRT linking or equipercentile equating for more accurate cross-scale comparison."
running_into_traffic_chi26,ueq_dependability,"[0.0, 20.0]","[-3.0, 3.0]",ordinal,"Linear rescaling from [0.0, 20.0] to [-3.0, 3.0] assumes equidistant category boundaries. Consider IRT linking or equipercentile equating for more accurate cross-scale comparison."
running_into_traffic_chi26,ueq_efficiency,"[0.0, 20.0]","[-3.0, 3.0]",ordinal,"Linear rescaling from [0.0, 20.0] to [-3.0, 3.0] assumes equidistant category boundaries. Consider IRT linking or equipercentile equating for more accurate cross-scale comparison."
running_into_traffic_chi26,ueq_novelty,"[0.0, 20.0]","[-3.0, 3.0]",ordinal,"Linear rescaling from [0.0, 20.0] to [-3.0, 3.0] assumes equidistant category boundaries. Consider IRT linking or equipercentile equating for more accurate cross-scale comparison."
running_into_traffic_chi26,ueq_perspicuity,"[0.0, 20.0]","[-3.0, 3.0]",ordinal,"Linear rescaling from [0.0, 20.0] to [-3.0, 3.0] assumes equidistant category boundaries. Consider IRT linking or equipercentile equating for more accurate cross-scale comparison."
running_into_traffic_chi26,ueq_stimulation,"[0.0, 20.0]","[-3.0, 3.0]",ordinal,"Linear rescaling from [0.0, 20.0] to [-3.0, 3.0] assumes equidistant category boundaries. Consider IRT linking or equipercentile equating for more accurate cross-scale comparison."
